FinalPrompt Summaries,Setting,Emotion,Visual Element,Mood,Theme
"The poem ""A Love Supreme"" captures the essence of an intense, multifaceted love that is intertwined with themes of pain, loss, and resilience. The main theme revolves around the beauty and complexity of love, particularly in the context of cultural identity and personal struggle. The poet reflects on experiences of sacrifice and the importance of home, symbolized by references to a church in Hamlet, North Carolina, and the journey through swamps and urban landscapes.
 

 The mood is both reverent and sorrowful, filled with a sense of yearning and memory. There is a juxtaposition of joy and sadness, as love is celebrated while simultaneously acknowledging the pain and hardships that come with it. The refrain ""a love supreme"" serves as a powerful literary device, emphasizing the depth and significance of this love, while repetition further reinforces the feeling of an ongoing struggle and devotion.
 

 Notable literary devices include vivid imagery, as seen in ""genitals gone or going,"" which captures the rawness of loss, and the motif of music, particularly through the reference to the tenor sax, which symbolizes the power of expression and healing. The conversational tone in the repeated questioning ""why you so black?"" introduces an introspective exploration of identity, rhythm, and self-acceptance, underscoring the link between personal heritage and artistic expression.
 

 Overall, the poem poignantly weaves together themes of love, cultural identity, and the transformative power of music in the face of adversity.","['Hamlet', 'North Carolina']",sadness,"['The poem ""A Love Supreme', 'the essence', 'an intense, multifaceted love', 'that', 'themes', 'pain', 'loss', 'resilience', 'The main theme', 'the beauty', 'complexity', 'love', 'the context', 'cultural identity', 'personal struggle', 'The poet', 'experiences', 'sacrifice', 'the importance', 'home', 'references', 'a church', 'Hamlet', 'North Carolina', 'the journey', 'swamps', 'urban landscapes', 'The mood', 'a sense', 'yearning', 'memory', 'a juxtaposition', 'joy', 'sadness', 'love', 'the pain', 'hardships', 'that', 'it', 'The refrain', '""a love supreme', 'a powerful literary device', 'the depth', 'significance', 'this love', 'repetition', 'the feeling', 'an ongoing struggle', 'devotion', 'Notable literary devices', 'vivid imagery', 'genitals', 'which', 'the rawness', 'loss', 'the motif', 'music', 'the reference', 'the tenor sax', 'which', 'the power', 'expression', 'healing', 'The conversational tone', 'the repeated questioning', 'you', 'an introspective exploration', 'identity', 'rhythm', 'self-acceptance', 'the link', 'personal heritage', 'artistic expression', 'the poem', 'themes', 'love', 'cultural identity', 'the transformative power', 'music', 'the face', 'adversity']",POSITIVE,poem essence love theme pain loss resilience theme beauty complexity love context identity struggle poet experience sacrifice importance home reference church journey swamp landscape mood sense yearning memory juxtaposition joy sadness love pain hardship refrain love supreme device depth significance love repetition feeling struggle devotion device imagery genital rawness loss motif music reference tenor sax power expression healing tone questioning exploration identity rhythm self acceptance link heritage expression poem theme love identity power music face adversity
"The poem revolves around themes of isolation and despair, as exemplified by the image of an old, sick parrot confined to a dingy cage far from its natural habitat. The mood is somber and melancholic, highlighting the creature's sense of entrapment and longing for its former life in the jungle. Notable literary devices include vivid imagery, as seen in descriptions like ""yellow skies"" and ""dripping rain,"" which evoke the stark contrast between the parrot’s tropical origins and its current dreary environment. The repetition of sounds and the use of alliteration, such as in ""coughs and spits,"" amplify the parrot's suffering. The poem captures a poignant sense of loss and the weight of anticipation surrounding death.",[],sadness,"['The poem', 'themes', 'isolation', 'despair', 'the image', 'an old, sick parrot', 'a dingy cage', 'its natural habitat', 'The mood', ""the creature's sense"", 'entrapment', 'longing', 'its former life', 'the jungle', 'Notable literary devices', 'vivid imagery', 'descriptions', '""yellow skies', '""dripping rain', 'which', 'the stark contrast', 'the parrot’s tropical origins', 'its current dreary environment', 'The repetition', 'sounds', 'the use', 'alliteration', 'coughs', 'spits', ""the parrot's suffering"", 'The poem', 'a poignant sense', 'loss', 'the weight', 'anticipation', 'death']",POSITIVE,poem theme isolation despair image parrot cage habitat mood creature sense entrapment longing life jungle device imagery description sky rain contrast origin environment repetition sound use alliteration cough spit parrot suffering poem sense loss weight anticipation death
"The main theme of the poem revolves around the transformative power of nature and unexpected moments of beauty. The crow's action of shaking down snow from the hemlock tree serves as a metaphor for change and renewal, emphasizing how small occurrences can alter one's emotional state. The mood is reflective yet uplifting, illustrating a shift from negativity to a more positive outlook, as the speaker finds solace and redemption in this brief encounter.
 

 Notable literary devices in the poem include imagery, as the visual of the crow shaking snow evokes a vivid picture, and symbolism, where the crow and snow represent change and the potential for new beginnings. The use of simple, accessible language adds to the poignant impact of the message, making the moment feel both universal and personal.",[],joy,"['The main theme', 'the poem', 'the transformative power', 'nature', 'unexpected moments', 'beauty', ""The crow's action"", 'snow', 'the hemlock tree', 'a metaphor', 'change', 'renewal', 'small occurrences', ""one's emotional state"", 'The mood', 'a shift', 'negativity', 'a more positive outlook', 'the speaker', 'solace', 'redemption', 'this brief encounter', 'Notable literary devices', 'the poem', 'imagery', 'the visual', 'the crow', 'snow', 'a vivid picture', 'the crow', 'snow', 'change', 'new beginnings', 'The use', 'accessible language', 'the poignant impact', 'the message', 'the moment']",POSITIVE,theme poem power nature moment beauty crow action snow hemlock tree metaphor change renewal occurrence state mood shift negativity outlook speaker solace redemption encounter device poem imagery visual crow snow picture symbolism crow snow change potential beginning use language impact message moment
"The main theme of the poem revolves around the contrast between artistic aspiration and mundane reality, depicting the struggle of a woman whose musical talent is overshadowed by the chaos of daily life. The mood is one of frustration and poignancy, highlighted by the shift from a once-celebrated musical career to the harshness of domestic responsibilities and the noise of children.
 

 Notable literary devices include vivid imagery, as seen in phrases like ""a wave of nausea"" and ""crusted milk,"" which evoke sensory experiences. The use of contrasts is evident in the juxtaposition of beauty (the fugue) and the starkness of her current existence (the children, the boiling pot, the dead mouse). Additionally, the poem employs irony in her past success with a renowned pianist juxtaposed with her present struggles, emphasizing the loss of her artistic identity. Overall, the poem reflects a deep sense of unfulfilled potential amid the demands of everyday life.",[],disgust,"['The main theme', 'the poem', 'the contrast', 'artistic aspiration', 'mundane reality', 'the struggle', 'a woman', 'whose musical talent', 'the chaos', 'daily life', 'The mood', 'frustration', 'poignancy', 'the shift', 'a once-celebrated musical career', 'the harshness', 'domestic responsibilities', 'the noise', 'children', 'Notable literary devices', 'vivid imagery', 'phrases', 'a wave', 'nausea', '""crusted milk', 'which', 'sensory experiences', 'The use', 'contrasts', 'the juxtaposition', 'beauty', 'the fugue', 'the starkness', 'her current existence', 'the children', 'the boiling pot', 'the dead mouse', 'the poem', 'irony', 'her past success', 'a renowned pianist', 'her present struggles', 'the loss', 'her artistic identity', 'the poem', 'a deep sense', 'unfulfilled potential', 'the demands', 'everyday life']",POSITIVE,theme poem contrast aspiration reality struggle woman talent chaos life mood frustration poignancy shift career harshness responsibility noise child device imagery phrase wave nausea milk experience use contrast juxtaposition beauty fugue starkness existence child boiling pot poem irony success pianist struggle loss identity poem sense potential demand life
"The poem explores the theme of timeless and universal love, suggesting a deep connection that transcends individual lives and forms. The speaker expresses a profound, almost mystical bond with a beloved, hinting at an eternal cycle of love experienced repeatedly throughout different ages and lifetimes. The mood is reflective and nostalgic, filled with both joy and sorrow as it contemplates the complexities of love's enduring nature.
 

 Notable literary devices include vivid imagery, such as comparing love to a ""necklace of songs"" and the beloved to a ""pole-star"" that illuminates the darkness of time. The repetition of phrases like ""in life after life, in age after age"" creates a rhythmic quality, emphasizing the eternal aspect of love. The intertwining of personal and universal experiences of love highlights not only individual affection but also collective humanity's shared emotional journey.",[],sadness,"['The poem', 'the theme', 'timeless', 'universal love', 'a deep connection', 'that', 'individual lives', 'forms', 'The speaker', 'a profound, almost mystical bond', 'an eternal cycle', 'love', 'different ages', 'lifetimes', 'The mood', 'both joy', 'sorrow', 'it', 'the complexities', ""love's enduring nature"", 'Notable literary devices', 'vivid imagery', 'love', 'a ""necklace', 'songs', 'a ""pole-star', 'that', 'the darkness', 'time', 'The repetition', 'phrases', 'life', 'life', 'age', 'age', 'a rhythmic quality', 'the eternal aspect', 'love', 'The intertwining', 'personal and universal experiences', 'love highlights', 'not only individual affection', ""collective humanity's shared emotional journey""]",POSITIVE,poem theme timeless love connection life form speaker bond cycle love age lifetime mood joy sorrow complexity love nature device imagery love necklace song pole star darkness time repetition phrase life life age age quality aspect love intertwining experience love highlight affection humanity journey
"The poem explores themes of transformation, the cyclical nature of life, and the resilience of nature through the changing seasons. The mood is melancholic and reflective, imbued with a sense of loss and the inevitable return of life. 
 

 Notable literary devices include personification, as seasons and natural elements are given human-like qualities, particularly in the depiction of autumn as weaving a mournful dirge. Imagery is prevalent throughout, vividly describing the landscape and evoking the stark contrast between death and rebirth. The poem employs rhetorical questions to provoke thought about the forces behind life's cycles and the resilience they embody. Overall, it captures both the beauty and brutality of nature's rhythm, emphasizing the enduring power of life despite the harshness of winter.",[],sadness,"['The poem', 'themes', 'transformation', 'the cyclical nature', 'life', 'the resilience', 'nature', 'the changing seasons', 'The mood', 'a sense', 'loss', 'the inevitable return', 'life', 'Notable literary devices', 'personification', 'seasons', 'natural elements', 'human-like qualities', 'the depiction', 'autumn', 'a mournful dirge', 'Imagery', 'the landscape', 'the stark contrast', 'death', 'rebirth', 'The poem', 'rhetorical questions', 'thought', 'the forces', ""life's cycles"", 'the resilience', 'they', 'it', 'both the beauty', 'brutality', ""nature's rhythm"", 'the enduring power', 'life', 'the harshness', 'winter']",POSITIVE,poem theme transformation nature life resilience nature season mood sense loss return life device personification season element human quality depiction autumn dirge landscape contrast death rebirth poem question thought force life cycle resilience beauty brutality nature rhythm power life harshness winter
"The poem expresses a longing for connection and companionship, framed within the context of personal advertisements from individuals seeking partners in North London. The main theme revolves around the search for love and meaningful relationships, reflecting the hopes and desires of various characters portrayed in the piece. 
 

 The mood is a blend of hopefulness and vulnerability, as each speaker reveals their wishes and the kind of people they are seeking, highlighting their individuality while underscoring a common yearning for connection. 
 

 Notable literary devices include the use of repetition, with the phrase ""Can someone make my simple wish come true?"" appearing throughout, emphasizing the desperation and sincerity of the speakers' desires. Additionally, the incremental listing of varied identities—bikers, executives, and others—serves to showcase the diversity of people and preferences while creating a rhythm that adds to the poem's appeal. The rhyme scheme and structured form contribute to its lyrical quality, making the emotional requests resonate more profoundly.",['North London'],neutral,"['The poem', 'a longing', 'connection', 'companionship', 'the context', 'personal advertisements', 'individuals', 'partners', 'North London', 'The main theme', 'the search', 'love', 'meaningful relationships', 'the hopes', 'desires', 'various characters', 'the piece', 'The mood', 'a blend', 'hopefulness', 'vulnerability', 'each speaker', 'their wishes', 'the kind', 'people', 'they', 'their individuality', 'a common yearning', 'connection', 'Notable literary devices', 'the use', 'repetition', 'the phrase', 'someone', 'my simple wish', 'the desperation', 'sincerity', ""the speakers' desires"", 'the incremental listing', 'varied identities', 'bikers', 'executives', 'others', 'the diversity', 'people', 'preferences', 'a rhythm', 'that', ""the poem's appeal"", 'The rhyme scheme', 'structured form', 'its lyrical quality', 'the emotional requests']",POSITIVE,poem longing connection companionship context advertisement individual partner theme search love relationship hope desire character piece mood blend hopefulness vulnerability speaker wish kind people individuality yearning connection device use repetition phrase wish desperation sincerity speaker desire listing identity biker executive other diversity people preference rhythm poem appeal rhyme scheme form quality request
"The poem explores themes of mortality, interconnectedness, and the beauty found in ordinary life despite its inherent pain. The mood is contemplative and bittersweet, reflecting on the inevitability of loss while also celebrating life and moments of gratitude. 
 

 Notable literary devices include vivid imagery, as seen in the description of the fish and the surroundings, which evokes a sense of nature's intricacy. The juxtaposition of death and celebration is significant, underscoring the complexity of human emotions. Additionally, the use of prayer symbolizes hope and connection, reinforcing the idea of shared experiences among loved ones and the natural world. Ultimately, the poet finds happiness and beauty in existence, even amidst sorrow.",[],sadness,"['The poem', 'themes', 'mortality', 'interconnectedness', 'the beauty', 'ordinary life', 'its inherent pain', 'The mood', 'the inevitability', 'loss', 'life', 'moments', 'gratitude', 'Notable literary devices', 'vivid imagery', 'the description', 'the fish', 'the surroundings', 'which', 'a sense', ""nature's intricacy"", 'The juxtaposition', 'death', 'celebration', 'the complexity', 'human emotions', 'the use', 'prayer', 'hope', 'connection', 'the idea', 'shared experiences', 'loved ones', 'the natural world', 'the poet', 'happiness', 'beauty', 'existence', 'sorrow']",POSITIVE,poem theme mortality interconnectedness beauty life pain mood inevitability loss life moment gratitude device imagery description fish surrounding sense nature intricacy juxtaposition death celebration complexity emotion use prayer hope connection idea experience one world poet happiness beauty existence sorrow
"The poem explores themes of loss, memory, and the interplay between life and death through the metaphor of fighting and dancing. The mood is poignant and reflective, capturing a sense of nostalgia tinged with grief. The poet uses vibrant imagery and contrasts movement with stillness, representing the physicality of martial arts alongside the tenderness of love and loss. Notable literary devices include metaphors (e.g., ""grief is a fist""), alliteration (e.g., ""wretched cock crow""), and rhythmic patterns reminiscent of dance to evoke the cha cha, mirroring the chaotic beauty of life and remembrance. The poem creates a powerful emotional landscape, intertwining the joy of dance with the pain of mourning, suggesting that both movement and stillness carry profound significance.",[],sadness,"['The poem', 'themes', 'loss', 'memory', 'the interplay', 'life', 'death', 'the metaphor', 'dancing', 'The mood', 'a sense', 'nostalgia', 'grief', 'The poet', 'vibrant imagery', 'movement', 'stillness', 'the physicality', 'martial arts', 'the tenderness', 'love', 'loss', 'Notable literary devices', 'metaphors', 'grief', 'a fist', 'alliteration', 'e.g., ""wretched cock crow', 'rhythmic patterns', 'dance', 'the cha cha', 'the chaotic beauty', 'life', 'remembrance', 'The poem', 'a powerful emotional landscape', 'the joy', 'dance', 'the pain', 'mourning', 'both movement', 'stillness', 'profound significance']",POSITIVE,poem theme loss memory interplay life death metaphor dancing mood sense nostalgia grief poet imagery movement stillness physicality art tenderness love loss device metaphor grief fist alliteration cock crow pattern dance cha cha beauty life remembrance poem landscape joy dance pain mourning movement stillness significance
"The poem explores the complexities of growing up, relationships, and the inherent challenges of communication and emotional connection. The main theme revolves around the juxtaposition of innocence and harsh reality, illustrating the journey from childhood beliefs about happiness and love to the often painful truths of adult relationships. The mood fluctuates between wistfulness and somber reflection, revealing a sense of loss and the bittersweet nature of learning through experience.
 

 Notable literary devices include vivid imagery, such as ""the pink of silver polish"" and ""a tin of homebaked,"" which evoke sensory details and emphasize the contrast between the beautiful and the painful. The poet employs metaphors, like ""the brain is cratered as a rock"" and ""a gesture responsive as a heart-shaped parachute,"" to convey deeper emotional truths and the fragility of human connections. The use of enjambment creates a flowing rhythm, mirroring the ongoing journey of growth and the accumulation of lessons learned in life. Overall, the poem encapsulates the struggle of reconciling idealized emotions with the inevitable reality of human imperfections.",[],sadness,"['The poem', 'the complexities', 'relationships', 'the inherent challenges', 'communication', 'emotional connection', 'The main theme', 'the juxtaposition', 'innocence', 'harsh reality', 'the journey', 'childhood beliefs', 'happiness', 'love', 'the often painful truths', 'adult relationships', 'The mood', 'wistfulness and somber reflection', 'a sense', 'loss', 'the bittersweet nature', 'experience', 'Notable literary devices', 'vivid imagery', 'the pink', 'silver polish', '""a tin', 'which', 'sensory details', 'the contrast', 'The poet', 'metaphors', 'the brain', 'a rock', 'a heart-shaped parachute', 'deeper emotional truths', 'the fragility', 'human connections', 'The use', 'enjambment', 'a flowing rhythm', 'the ongoing journey', 'growth', 'the accumulation', 'lessons', 'life', 'the poem', 'the struggle', 'idealized emotions', 'the inevitable reality', 'human imperfections']",POSITIVE,poem complexity relationship challenge communication connection theme juxtaposition innocence reality journey childhood belief happiness love truth adult relationship mood fluctuate reflection sense loss nature experience device imagery pink polish tin detail contrast poet metaphor brain rock gesture heart parachute truth fragility connection use enjambment rhythm journey growth accumulation lesson life poem struggle emotion reality imperfection
"The main theme of the poem revolves around the essential and transformative nature of love, comparing it to fundamental elements such as water and air. The poet conveys that love has the power to cleanse and purify, much like poetry itself, which can also evoke deep emotions and insights. The mood is reflective and slightly cautionary, suggesting that while love is invaluable, it should be safeguarded and cherished. Notable literary devices used include simile, as seen in the comparisons of love to water, air, and poetry, which emphasizes its vital role in life. The repetition of ""my townspeople"" creates a communal tone, inviting a shared understanding of love's importance.",[],neutral,"['The main theme', 'the poem', 'the essential and transformative nature', 'love', 'it', 'fundamental elements', 'water', 'air', 'The poet', 'love', 'the power', 'poetry', 'itself', 'which', 'deep emotions', 'insights', 'The mood', 'love', 'it', 'Notable literary devices', 'the comparisons', 'love', 'water', 'air', 'poetry', 'which', 'its vital role', 'life', 'The repetition', 'my townspeople', 'a communal tone', 'a shared understanding', ""love's importance""]",POSITIVE,theme poem nature love element water air poet love power poetry emotion insight mood love device comparison love water air poetry role life repetition townspeople tone understanding love importance
"The poem explores the theme of confinement versus freedom, using the imagery of a zoo to contrast the mundane lives of various animals in cages with the wild, untamed spirit represented by the jaguar. The mood shifts from one of lethargy and stagnation—depicted by the languid apes, the strutting parrots, and the idle big cats—to a dynamic, intense energy encapsulated in the jaguar's frenetic movement.
 

 Notable literary devices employed by the poet include vivid imagery that brings to life the contrasting behaviors and states of the animals, as well as metaphor and symbolism. For instance, the ""cage"" represents not only physical confinement but also the limitations imposed by society, while the jaguar symbolizes the primal drive for freedom and the raw power of nature. The poem invites readers to reflect on the distinction between mere existence and the pursuit of a more vivid and liberated life.",[],sadness,"['The poem', 'the theme', 'confinement', 'freedom', 'the imagery', 'a zoo', 'the mundane lives', 'various animals', 'cages', 'the wild, untamed spirit', 'the jaguar', 'The mood shifts', 'lethargy', 'stagnation', 'the languid apes', 'the strutting parrots', 'the idle big cats', 'a dynamic, intense energy', ""the jaguar's frenetic movement"", 'Notable literary devices', 'the poet', 'vivid imagery', 'that', 'life', 'the contrasting behaviors', 'states', 'the animals', 'metaphor', 'symbolism', 'instance', 'the ""cage', 'not only physical confinement', 'the limitations', 'society', 'the jaguar', 'the primal drive', 'freedom', 'the raw power', 'nature', 'The poem', 'readers', 'the distinction', 'mere existence', 'the pursuit', 'a more vivid and liberated life']",POSITIVE,poem theme confinement freedom imagery zoo life animal cage spirit jaguar mood shift lethargy stagnation ape parrot cat energy jaguar movement device poet imagery life behavior state animal metaphor symbolism instance cage confinement limitation society jaguar drive freedom power nature poem reader distinction existence pursuit life
"The poem narrates a whimsical and humorous story about a lost elephant who accidentally ends up in England instead of his home in Africa. The main theme revolves around the idea of displacement and the longing for one's rightful place, highlighted through the elephant's comical interactions and attempts to find his way back home. 
 

 The mood is light-hearted and playful, enhanced by the amusing dialogue between the speaker and the elephant, and the surreal imagery of an elephant navigating through urban settings. Notable literary devices include personification, where the elephant speaks and expresses feelings, as well as humor and irony in the depiction of the elephant being processed by the police and ending up tied to a lamppost. The repetitious use of the phrase ""oh dear, oh dear"" emphasizes the elephant's distress and adds a touch of charm to the narrative. The conclusion suggests a sense of freedom and adventure, evoking a whimsical adventure culminating in the elephant's journey back to Africa.","['England', 'Africa', 'Africa']",joy,"['The poem', 'a whimsical and humorous story', 'a lost elephant', 'who', 'England', 'his home', 'Africa', 'The main theme', 'the idea', 'displacement', 'the longing', ""one's rightful place"", ""the elephant's comical interactions"", 'his way', 'The mood', 'the amusing dialogue', 'the speaker', 'the elephant', 'the surreal imagery', 'an elephant', 'urban settings', 'Notable literary devices', 'personification', 'the elephant', 'feelings', 'humor', 'irony', 'the depiction', 'the elephant', 'the police', 'a lamppost', 'The repetitious use', 'the phrase', 'oh dear, oh dear', ""the elephant's distress"", 'a touch', 'charm', 'the narrative', 'The conclusion', 'a sense', 'freedom', 'adventure', 'a whimsical adventure', ""the elephant's journey"", 'Africa']",POSITIVE,poem story elephant home theme idea displacement longing place elephant interaction attempt way mood dialogue speaker elephant imagery elephant setting device personification elephant feeling humor irony depiction elephant police lamppost use phrase dear elephant distress touch charm narrative conclusion sense freedom adventure adventure elephant journey
"The poem conveys a nostalgic longing for the past, capturing the speaker's fond memories associated with the ""Spanish needle"" flower. The main theme revolves around yearning for home and childhood experiences, highlighting a deep emotional connection to nature and the simplicity of earlier days. The mood is wistful and contemplative, as the speaker reflects on cherished times spent in a familiar landscape and wonders if the beloved plant shares the same memories.
 

 Notable literary devices include personification, as the flower is addressed directly and imagined to possess thoughts and emotions, fostering a sense of intimacy. Additionally, the use of vivid imagery brings the natural setting to life, allowing readers to visualize the scenes described, such as ""catching crayfish"" and ""lying in an orange grove."" The repetitive questioning reinforces the speaker's desire for connection, while the rhythmic structure contributes to the lyrical quality of the poem.",[],neutral,"['The poem', 'a nostalgic longing', 'the past', ""the speaker's fond memories"", 'the ""Spanish needle"" flower', 'The main theme', 'home and childhood experiences', 'a deep emotional connection', 'nature', 'the simplicity', 'earlier days', 'The mood', 'the speaker', 'cherished times', 'a familiar landscape', 'wonders', 'the beloved plant', 'the same memories', 'Notable literary devices', 'personification', 'the flower', 'thoughts', 'emotions', 'a sense', 'intimacy', 'the use', 'vivid imagery', 'the natural setting', 'life', 'readers', 'the scenes', '""catching crayfish', 'an orange grove', ""the speaker's desire"", 'connection', 'the rhythmic structure', 'the lyrical quality', 'the poem']",POSITIVE,poem longing past speaker memory needle flower theme home childhood experience connection nature simplicity day mood speaker time landscape wonder plant share memory device personification flower thought emotion sense intimacy use imagery setting life reader scene crayfish orange grove questioning speaker desire connection structure quality poem
"The poem explores the complexities of love and emotional connection, particularly in the context of family and relationships. The central theme revolves around the tension of sharing intimate feelings while grappling with impending changes, such as the decision of when to tell their children something significant. The mood is a blend of vulnerability and understated melancholy, capturing both the warmth and pain of love.
 

 Notable literary devices include imagery, as seen in descriptions like ""the old indigo chintz around him"" and ""a heart’s spurt of rage,"" which evoke vivid emotions and sensory experiences. The metaphor of tears as ""new troupes"" and the description of them performing ""burning leaps"" serve to convey the tumultuous yet beautiful nature of emotional expression. The interplay of light-hearted dialogue and deep introspection highlights the duality of their feelings and the complexities of love intertwined with life’s challenges. Overall, the poem masterfully blends these elements to illustrate the intricacies of love, loss, and hope.",[],sadness,"['The poem', 'the complexities', 'love', 'emotional connection', 'the context', 'family', 'relationships', 'The central theme', 'the tension', 'intimate feelings', 'impending changes', 'the decision', 'their children', 'something', 'The mood', 'a blend', 'vulnerability', 'both the warmth', 'pain', 'love', 'Notable literary devices', 'imagery', 'descriptions', 'the old indigo chintz', 'him', '""a heart’s spurt', 'rage', 'which', 'vivid emotions', 'sensory experiences', 'The metaphor', 'tears', '""new troupes', 'the description', 'them', '""burning leaps', 'the tumultuous yet beautiful nature', 'emotional expression', 'The interplay', 'light-hearted dialogue', 'deep introspection', 'the duality', 'their feelings', 'the complexities', 'love', 'life’s challenges', 'the poem', 'these elements', 'the intricacies', 'love', 'loss', 'hope']",POSITIVE,poem complexity love connection context family relationship theme tension feeling change decision child mood blend vulnerability warmth pain love device imagery description indigo chintz heart spurt rage emotion experience metaphor tear troupe description leap nature expression interplay dialogue introspection duality feeling complexity love life challenge poem element intricacy love loss hope
"The poem explores themes of identity, cultural connection, and self-discovery through the encounter of the speaker with a stranger on a train. The mood is introspective and gradually transforms from discomfort to exhilaration as the speaker delves into his heritage.
 

 Notable literary devices include vivid imagery that brings to life the contrasting settings of the train and the speaker's memories of Nigeria, along with metaphors such as the speaker's face becoming ""a map"" that reveals his origins. The dialogue between the speaker and the stranger serves to create a sense of intimacy, while repetition of phrases like ""Definitely"" emphasizes the certainty and pride the stranger feels about their shared heritage. This transformative experience ultimately leads the speaker to a joyful realization of connection to his roots, as he begins to dance, embodying a newfound appreciation for his identity.",['Nigeria'],joy,"['The poem', 'themes', 'identity', 'cultural connection', 'self-discovery', 'the encounter', 'the speaker', 'a stranger', 'a train', 'The mood', 'discomfort', 'exhilaration', 'the speaker', 'his heritage', 'Notable literary devices', 'vivid imagery', 'that', 'life', 'the contrasting settings', 'the train', ""the speaker's memories"", 'Nigeria', 'metaphors', ""the speaker's face"", '""a map', 'that', 'his origins', 'The dialogue', 'the speaker', 'the stranger', 'a sense', 'intimacy', 'repetition', 'phrases', 'the certainty', 'the stranger', 'their shared heritage', 'This transformative experience', 'the speaker', 'a joyful realization', 'connection', 'his roots', 'he', 'a newfound appreciation', 'his identity']",POSITIVE,poem theme identity connection self discovery encounter speaker stranger train mood discomfort exhilaration speaker heritage device imagery life setting train speaker memory metaphor speaker face map origin dialogue speaker stranger sense intimacy repetition phrase certainty stranger heritage transformative experience speaker realization connection root appreciation identity
"The poem reflects on the life and death of Miss Helen Slingsby, a maiden aunt living alone in a small house; it examines themes of domesticity, silence, and the cycles of life and death in the context of her passing. The mood is somber yet tinged with dark humor, as it juxtaposes the dignified atmosphere of mourning with the mundane behaviors of the household staff. Notable literary devices include personification, as seen with the ""Dresden clock"" continuing to tick, symbolizing the passage of time despite death; irony, as the quiet grief of her death contrasts with the fleeting distractions of the household staff; and vivid imagery that paints a detailed picture of the social dynamics at play in her absence. Overall, the poem explores the impact of death within a domestic sphere while highlighting the continued rhythm of life around it.",['Dresden'],sadness,"['The poem', 'the life', 'death', 'Miss Helen Slingsby', 'a maiden aunt', 'a small house', 'it', 'themes', 'domesticity', 'silence', 'the cycles', 'life', 'death', 'the context', 'her passing', 'The mood', 'dark humor', 'it', 'the dignified atmosphere', 'the mundane behaviors', 'the household staff', 'Notable literary devices', 'personification', 'the ""Dresden clock', 'the passage', 'time', 'death', 'irony', 'the quiet grief', 'her death', 'the fleeting distractions', 'the household staff', 'vivid imagery', 'that', 'a detailed picture', 'the social dynamics', 'play', 'her absence', 'the poem', 'the impact', 'death', 'a domestic sphere', 'the continued rhythm', 'life', 'it']",POSITIVE,poem life death maiden aunt house theme domesticity silence cycle life death context passing mood humor atmosphere behavior household staff device personification clock passage time death irony grief death distraction household staff imagery picture dynamic play absence poem impact death sphere rhythm life
"The poem explores the theme of mortality and the elusive nature of memory in the context of impending death. The speaker reflects on the commonly held notion of one's life flashing before their eyes in critical moments, particularly during drowning. The mood is contemplative, laced with a sense of irony and a touch of humor as the speaker contrasts the traditional depiction of memory recall with their own desire for a more meaningful and structured reflection on life.
 

 Notable literary devices used by the poet include vivid imagery, such as ""an eyebrow-singeing explosion of biography,"" which emphasizes the chaotic and abrupt nature of this life review. The use of metaphor is evident in the comparison of life memories to ""an invisible hand turning the pages of an album"" and the whimsical representation of life as ""a short animated film."" Additionally, the poem employs irony when it suggests that rather than a profound revelation, one might instead encounter a ""quick blur of curved silver""—a fish—symbolizing the randomness and insignificance of one's life moments in the face of death. The reference to ""the high travel of clouds"" evokes a sense of transience, reinforcing the poem's meditation on existence and the inevitability of forgetting.",[],neutral,"['The poem', 'the theme', 'mortality', 'the elusive nature', 'memory', 'the context', 'impending death', 'The speaker', 'the commonly held notion', ""one's life"", 'their eyes', 'critical moments', 'drowning', 'The mood', 'a sense', 'irony', 'a touch', 'humor', 'the speaker', 'the traditional depiction', 'memory recall', 'their own desire', 'a more meaningful and structured reflection', 'life', 'Notable literary devices', 'the poet', 'vivid imagery', 'an eyebrow-singeing explosion', 'biography', 'which', 'the chaotic and abrupt nature', 'this life review', 'The use', 'metaphor', 'the comparison', 'an invisible hand', 'the pages', 'an album', 'the whimsical representation', 'life', 'a short animated film', 'the poem', 'irony', 'it', 'a profound revelation', 'one', 'a ""quick blur', 'curved silver""—a fish', 'the randomness', 'insignificance', ""one's life moments"", 'the face', 'death', 'The reference', 'the high travel', 'clouds', 'a sense', 'transience', ""the poem's meditation"", 'existence', 'the inevitability']",POSITIVE,"poem theme mortality nature memory context death speaker notion life eye moment drowning mood sense irony touch humor speaker depiction memory recall desire reflection life device poet imagery eyebrow explosion biography nature life review use metaphor comparison life hand page album representation life film poem irony revelation blur silver""—a fish randomness insignificance one life moment face death reference travel cloud sense transience poem meditation existence inevitability"
"The main theme of the poem centers around the transition from childhood innocence to the understanding of aging and the inevitable reality of growing old. The speaker reflects on their previous misconceptions about adulthood, thinking that physical signs of aging were a choice. The mood is a blend of nostalgia and awareness, as the speaker observes the frailty of an elderly woman, which prompts a deeper contemplation about the passage of time and the vulnerabilities associated with aging.
 

 Notable literary devices used by the poet include imagery, as seen in the vivid descriptions of the woman's physical traits (""stiff backs and wrinkles,"" ""veins like small fat snakes""), which evoke a strong visual representation of aging. There is also a contrast between the speaker's childhood perception and the reality of aging that creates an emotional depth, highlighting the innocence of youth against the harsh truth of growing old. The use of the word ""helplessly"" effectively conveys the sense of inevitability and vulnerability associated with both youth and old age.",[],neutral,"['The main theme', 'the poem centers', 'the transition', 'childhood innocence', 'the understanding', 'aging', 'the inevitable reality', 'The speaker', 'their previous misconceptions', 'adulthood', 'physical signs', 'aging', 'a choice', 'The mood', 'a blend', 'nostalgia', 'awareness', 'the speaker', 'the frailty', 'an elderly woman', 'which', 'a deeper contemplation', 'the passage', 'time', 'the vulnerabilities', 'aging', 'Notable literary devices', 'the poet', 'imagery', 'the vivid descriptions', ""the woman's physical traits"", '""stiff backs', 'wrinkles', '"" ""veins', 'small fat snakes', 'which', 'a strong visual representation', 'aging', 'a contrast', ""the speaker's childhood perception"", 'the reality', 'aging', 'that', 'an emotional depth', 'the innocence', 'youth', 'the harsh truth', 'The use', 'the word', 'the sense', 'inevitability', 'vulnerability', 'both youth', 'old age']",POSITIVE,theme poem center transition childhood innocence understanding aging reality speaker misconception adulthood sign aging choice mood blend nostalgia awareness speaker frailty woman contemplation passage time vulnerability aging device poet imagery description woman trait back wrinkle vein fat snake representation aging contrast speaker childhood perception reality aging depth innocence youth truth use word sense inevitability vulnerability youth age
"The poem ""Christ of the Andes"" conveys a central theme of universal love and the pursuit of peace, emphasizing the figure of Christ as a symbol of compassion that transcends sectarian beliefs and embraces all of humanity. The mood is one of reverence and yearning, as the speaker acknowledges human struggle and expresses a desire for divine guidance toward harmony and goodwill.
 

 Notable literary devices include alliteration in phrases like ""patient lover of impatient men,"" which enhances the rhythm, and the use of metaphor as Christ is depicted as both a ""Living Word"" and a ""Love Divine,"" signifying His embodiment of love and teachings. The poem's structure, with its imperative tone in the final line, serves to engage readers and inspire them to adopt the values of peace and goodwill exemplified by Christ.","['Andes', 'Christ', 'Christ']",neutral,"['The poem', 'Christ', 'the Andes', 'a central theme', 'universal love', 'the pursuit', 'peace', 'the figure', 'Christ', 'a symbol', 'compassion', 'that', 'sectarian beliefs', 'all', 'humanity', 'The mood', 'reverence', 'yearning', 'the speaker', 'human struggle', 'a desire', 'divine guidance', 'harmony', 'goodwill', 'Notable literary devices', 'alliteration', 'phrases', 'patient lover', 'impatient men', 'which', 'the rhythm', 'the use', 'metaphor', 'Christ', 'both a ""Living Word', 'a ""Love Divine', 'His embodiment', 'love', 'teachings', ""The poem's structure"", 'its imperative tone', 'the final line', 'readers', 'them', 'the values', 'peace', 'goodwill', 'Christ']",POSITIVE,poem theme love pursuit peace figure symbol compassion belief embrace humanity mood reverence yearning speaker struggle desire guidance harmony goodwill device alliteration phrase lover man rhythm use metaphor word embodiment love teaching poem structure tone line reader value peace goodwill
"The poem explores the intimacy and deep connection between the speaker and their beloved, depicting the act of memorizing and internalizing both physical and emotional aspects of the person. The main theme revolves around love and the process of truly seeing and understanding someone beyond their surface features. The mood is contemplative and reflective, where the poet moves from physical beauty to emotional resonance, suggesting a journey through shared experiences and memories.
 

 Notable literary devices include vivid imagery, as seen in descriptions like ""quince and melon, yellow as young flame,"" which evoke sensory experiences and convey the vibrancy of the speaker's affection. The poem also employs repetition in the phrase ""Now that I have your... by heart,"" emphasizing the depth of understanding and connection the speaker feels. The use of metaphor is present in phrases like ""the beat’s too swift,"" which conveys the complexity and overwhelming nature of love. Overall, the poem beautifully encapsulates the act of cherishing someone deeply and the layers of meaning that come with such an emotional bond.",[],neutral,"['The poem', 'the intimacy', 'deep connection', 'the speaker', 'the act', 'both physical and emotional aspects', 'the person', 'The main theme', 'love', 'the process', 'someone', 'their surface features', 'The mood', 'the poet', 'physical beauty', 'emotional resonance', 'a journey', 'shared experiences', 'memories', 'Notable literary devices', 'vivid imagery', 'descriptions', 'quince', 'melon', 'young flame', 'which', 'sensory experiences', 'the vibrancy', ""the speaker's affection"", 'The poem', 'repetition', 'the phrase', 'I', 'your', 'heart', 'the depth', 'understanding', 'connection', 'the speaker', 'The use', 'metaphor', 'phrases', 'the beat', 'which', 'the complexity', 'overwhelming nature', 'love', 'the poem', 'the act', 'someone', 'the layers', 'meaning', 'that', 'such an emotional bond']",POSITIVE,poem intimacy connection speaker act aspect person theme love process surface feature mood poet beauty resonance journey experience memory device imagery description quince melon flame experience vibrancy speaker affection poem repetition phrase heart depth understanding connection speaker use metaphor phrase beat complexity nature love poem act layer meaning bond
"The poem ""Traveling Through the Dark"" by William Stafford explores themes of life, death, and the moral dilemmas faced in nature. The mood is somber and reflective as the speaker confronts the stark reality of a dead deer on the side of the road, emphasizing the tension between human intervention and the natural world. 
 

 Notable literary devices include imagery, where the vivid descriptions of the deer and the surrounding wilderness evoke a palpable sense of loss and urgency. The use of symbolism is significant, particularly with the fawn still waiting to be born, representing innocence and the fragility of life. The poem also employs enjambment, creating a flowing narrative that mirrors the speaker's thought process and emotional turmoil as he grapples with the implications of his actions. Ultimately, the poem questions the balance between human responsibility and the inevitability of death in the natural order.",[],sadness,"['The poem', 'the Dark', 'William Stafford', 'themes', 'life', 'death', 'the moral dilemmas', 'nature', 'The mood', 'the speaker', 'the stark reality', 'a dead deer', 'the side', 'the road', 'the tension', 'human intervention', 'the natural world', 'Notable literary devices', 'imagery', 'the vivid descriptions', 'the deer', 'the surrounding wilderness', 'a palpable sense', 'loss', 'urgency', 'The use', 'symbolism', 'the fawn', 'innocence', 'the fragility', 'life', 'The poem', 'enjambment', 'a flowing narrative', 'that', ""the speaker's thought process"", 'emotional turmoil', 'he', 'the implications', 'his actions', 'the poem', 'the balance', 'human responsibility', 'the inevitability', 'death', 'the natural order']",POSITIVE,poem theme life death dilemma nature mood speaker reality deer side road tension intervention world device imagery description deer wilderness sense loss urgency use symbolism fawn innocence fragility life poem enjambment narrative speaker process turmoil implication action poem balance responsibility inevitability death order
"The poem's main theme revolves around the deep connection between human experience and the timeless nature of rivers, symbolizing both history and personal growth. The speaker reflects on their intimate relationship with various renowned rivers throughout history, suggesting that these natural elements have significantly shaped their identity and understanding of the world.
 

 The mood of the poem is contemplative and nostalgic, evoking a sense of reverence for nature and human heritage. The use of phrases such as ""ancient as the world"" and ""dusky rivers"" imbues the poem with a solemn gravity, highlighting the rivers' enduring presence across time.
 

 Notable literary devices include repetition, as seen in the refrain ""I’ve known rivers,"" which emphasizes the speaker's profound connection to these waterways. The imagery in the descriptions of each river evokes vivid landscapes and historical moments, while metaphors like ""My soul has grown deep like the rivers"" suggest a deepening of the speaker's spiritual and emotional life in tandem with these natural forces. Overall, the poem elegantly intertwines personal reflection with broader historical and cultural significance.",[],neutral,"[""The poem's main theme"", 'the deep connection', 'human experience', 'the timeless nature', 'rivers', 'both history', 'personal growth', 'The speaker', 'their intimate relationship', 'various renowned rivers', 'history', 'these natural elements', 'their identity', 'understanding', 'the world', 'The mood', 'the poem', 'a sense', 'reverence', 'nature', 'human heritage', 'The use', 'phrases', 'the world', '""dusky rivers', 'the poem', 'a solemn gravity', ""the rivers' enduring presence"", 'time', 'Notable literary devices', 'repetition', 'the refrain', 'I', 'known rivers', 'which', ""the speaker's profound connection"", 'these waterways', 'The imagery', 'the descriptions', 'each river', 'vivid landscapes', 'historical moments', 'metaphors', 'My soul', 'the rivers', 'a deepening', ""the speaker's spiritual and emotional life"", 'tandem', 'these natural forces', 'the poem', 'personal reflection', 'broader historical and cultural significance']",POSITIVE,poem theme connection experience nature river history growth speaker relationship river history element identity understanding world mood poem sense reverence nature heritage use phrase world river poem gravity river presence time device repetition refrain river speaker connection waterway imagery description river landscape moment metaphor soul river deepening speaker life tandem force poem reflection significance
"The poem revolves around the theme of childhood joy and the exhilaration of swinging high into the sky. It captures the simple pleasures of being a child and the imaginative freedom that comes with play. The mood is light-hearted and cheerful, reflecting the carefree spirit of youth.
 

 Notable literary devices include vivid imagery, as the poet describes the scenery viewed from the swing (""Rivers and trees and cattle""), which evokes a sense of expansive freedom. The repetition of phrases, such as ""up in the air,"" emphasizes the feeling of soaring and adds a rhythmic quality to the poem. Overall, the poem expresses a sense of wonder and delight in the act of swinging.",[],joy,"['The poem', 'the theme', 'childhood joy', 'the exhilaration', 'the sky', 'It', 'the simple pleasures', 'a child', 'the imaginative freedom', 'that', 'play', 'The mood', 'the carefree spirit', 'youth', 'Notable literary devices', 'vivid imagery', 'the poet', 'the scenery', 'the swing', '""Rivers', 'trees', 'cattle', 'which', 'a sense', 'expansive freedom', 'The repetition', 'phrases', 'the air', 'the feeling', 'a rhythmic quality', 'the poem', 'the poem', 'a sense', 'wonder', 'delight', 'the act']",POSITIVE,poem theme joy exhilaration sky pleasure child freedom play mood spirit youth device imagery poet scenery swing river tree cattle sense freedom repetition phrase air feeling quality poem poem sense wonder delight act
"The poem ""Luke Havergal"" by Edwin Arlington Robinson explores themes of loss, longing, and the inevitability of death. The mood is somber and contemplative, reflecting a sense of melancholy as the speaker urges Luke to seek a sense of closure and perhaps reunion with a lost love. Notable literary devices include repetition, particularly with the phrase ""Go to the western gate,"" which emphasizes the urgency of Luke's journey. The use of vivid imagery, such as ""the vines cling crimson on the wall"" and ""the fiery night,"" highlights the stark contrasts between life and death, hope and despair. The metaphor of the grave serves as a powerful anchor for the speaker's message about embracing the reality of mortality, suggesting that true understanding and acceptance lie beyond physical existence. The closing repetition reinforces the journey Luke must undertake, leaving a lingering sense of unresolved yearning.",[],sadness,"['The poem', '""Luke Havergal', 'Edwin Arlington Robinson', 'themes', 'loss', 'longing', 'the inevitability', 'death', 'The mood', 'a sense', 'the speaker', 'Luke', 'a sense', 'closure', 'a lost love', 'Notable literary devices', 'repetition', 'the phrase', 'the western gate', 'which', 'the urgency', ""Luke's journey"", 'The use', 'vivid imagery', 'the vines', 'crimson', 'the wall', '""the fiery night', 'the stark contrasts', 'life', 'death', 'hope', 'despair', 'The metaphor', 'the grave', 'a powerful anchor', ""the speaker's message"", 'the reality', 'mortality', 'true understanding', 'acceptance', 'physical existence', 'The closing repetition', 'the journey', 'Luke', 'a lingering sense', 'unresolved yearning']",POSITIVE,poem theme loss longing inevitability death mood sense speaker sense closure love device repetition phrase gate urgency journey use imagery vine crimson wall night contrast life death hope despair metaphor grave anchor speaker message reality mortality understanding acceptance lie existence closing repetition journey sense yearning
"The poem ""London Bridge is Falling Down"" explores themes of impermanence and the challenges of maintaining structure and security. The repetitive structure emphasizes a sense of inevitability as various materials suggested for building the bridge—wood and clay, bricks and mortar, iron and steel—are all found to be inadequate due to their inherent limitations. The mood is both playful and somber, reflecting on the futility of efforts to build something enduring in the face of decay and theft.
 

 Notable literary devices include repetition, which reinforces the cyclical nature of the poem and the ongoing struggle to secure the bridge, and rhyme, creating a musical quality that enhances its nursery-rhyme feel. Additionally, there are elements of irony in the progression from stronger materials to precious metals, highlighting the folly in thinking wealth can provide lasting security. Overall, the poem captivates through its rhythmic simplicity while delivering a deeper commentary on resilience and vulnerability.",[],sadness,"['The poem', '""London Bridge', 'themes', 'impermanence', 'the challenges', 'structure', 'security', 'The repetitive structure', 'a sense', 'inevitability', 'various materials', 'the bridge', 'wood', 'clay', 'bricks', 'mortar', 'iron', 'steel', 'their inherent limitations', 'The mood', 'the futility', 'efforts', 'something', 'the face', 'decay', 'theft', 'Notable literary devices', 'repetition', 'which', 'the cyclical nature', 'the poem', 'the ongoing struggle', 'the bridge', 'rhyme', 'a musical quality', 'that', 'elements', 'irony', 'the progression', 'stronger materials', 'precious metals', 'the folly', 'wealth', 'lasting security', 'the poem', 'its rhythmic simplicity', 'a deeper commentary', 'resilience', 'vulnerability']",POSITIVE,poem theme impermanence challenge structure security structure sense inevitability material bridge wood clay brick mortar iron steel limitation mood futility effort face decay theft device repetition nature poem struggle bridge rhyme quality nursery rhyme element irony progression material metal folly wealth security poem simplicity commentary resilience vulnerability
"The poem explores the theme of transition, particularly the stark shift from the vibrancy of summer to the desolation of winter. The mood is somber and reflective, conveying a sense of loss and resignation as nature succumbs to the cold. The poet utilizes notable literary devices, such as vivid imagery (""frost has settled down upon the trees"") and personification (""the trees down the boulevard stand naked in thought""), to evoke emotions associated with change and stillness. The juxtaposition of life and desolation is further emphasized through metaphors, such as ""naked the trees confront / Implacable winter,"" and similes, likening the sparrows to ""dead black leaves."" The poem ultimately reflects a deep awareness of nature's cycles, capturing a moment of stillness as it anticipates the coming of spring.",[],sadness,"['The poem', 'the theme', 'transition', 'particularly the stark shift', 'the vibrancy', 'summer', 'the desolation', 'winter', 'The mood', 'a sense', 'loss', 'resignation', 'nature succumbs', 'the cold', 'The poet', 'notable literary devices', 'vivid imagery', 'frost', 'the trees', 'the trees', 'thought', 'emotions', 'change', 'stillness', 'The juxtaposition', 'life', 'desolation', 'metaphors', 'naked the trees', 'similes', 'the sparrows', '""dead black leaves', 'The poem', 'a deep awareness', ""nature's cycles"", 'a moment', 'stillness', 'it', 'the coming', 'spring']",POSITIVE,poem theme transition shift vibrancy summer desolation winter mood sense loss resignation nature succumb cold poet device imagery frost tree personification tree boulevard thought emotion change stillness juxtaposition life desolation metaphor tree implacable winter simile sparrow leave poem awareness nature cycle moment stillness coming spring
"The poem captures a vivid scene filled with gypsies during a pre-Christmas fair, creating a rich tapestry of their vibrant and carefree presence against a backdrop of winter. The main theme revolves around the contrast between the freedom and spirit of the gypsies and the more mundane, commercial aspects of the season, emphasizing the fleeting beauty of their music and joyful existence. 
 

 The mood varies from playful to introspective, as the speaker reflects on the gypsy woman’s impudence and grace, despite her rags, transitioning to a deeper contemplation of the power and impact of the music played by the gypsy boy. Notable literary devices include imagery, which vividly paints the scene of the fair and the gypsy characters, and irony, as the speaker’s desire to give more is overshadowed by the movement of life around him. Additionally, the symbolism of music serves as a means of connection and transcendence amidst the chaos of the fair, representing a form of beauty that lingers beyond the moment. The poem culminates in a haunting quality with references to darkness and the ""underworld,"" contrasting the warmth found in the gypsies' music and presence against the chill of the winter night.",[],neutral,"['The poem', 'a vivid scene', 'gypsies', 'a pre-Christmas fair', 'a rich tapestry', 'their vibrant and carefree presence', 'a backdrop', 'winter', 'The main theme', 'the contrast', 'the freedom', 'spirit', 'the gypsies', 'the more mundane, commercial aspects', 'the season', 'the fleeting beauty', 'their music', 'joyful existence', 'The mood', 'the speaker', 'the gypsy woman’s impudence', 'grace', 'her rags', 'a deeper contemplation', 'the power', 'impact', 'the music', 'the gypsy boy', 'Notable literary devices', 'imagery', 'which', 'the scene', 'the fair and the gypsy characters', 'irony', 'the speaker’s desire', 'the movement', 'life', 'him', 'the symbolism', 'music', 'a means', 'connection', 'transcendence', 'the chaos', 'the fair', 'a form', 'beauty', 'that', 'the moment', 'The poem', 'a haunting quality', 'references', 'darkness', 'the ""underworld', 'the warmth', ""the gypsies' music"", 'presence', 'the chill', 'the winter night']",POSITIVE,poem scene gypsy fair tapestry presence backdrop winter theme contrast freedom spirit gypsy aspect season beauty music existence mood speaker woman impudence grace rag contemplation power impact music boy device imagery scene character irony speaker desire movement life symbolism music means connection transcendence chaos fair form beauty moment poem quality reference darkness underworld warmth gypsy music presence chill winter night
"The poem explores themes of racial identity, success, and societal perceptions of wealth and status. The speaker reflects on their journey from being perceived as poor and unwelcome due to their blackness, to achieving success and facing the complexities that come with it. The mood is both contemplative and triumphant, as the speaker grapples with the irony of their situation—experiencing shame and ostracism in poverty yet encountering criticism for being successful.
 

 Notable literary devices include paradox and irony, as the speaker portrays the conflicting feelings of shame associated with poverty and the scrutiny that comes with achieving wealth. Imagery, particularly in the references to light (""moonlight and night,"" ""sun""), serves to highlight the transformation and vividness of the speaker's identity and achievements. Additionally, the use of direct address (""now that the sun / unaffected by criticism..."") invites readers to consider the broader implications of race and success in society.",[],joy,"['The poem', 'themes', 'racial identity', 'success', 'societal perceptions', 'wealth', 'status', 'The speaker', 'their journey', 'their blackness', 'success', 'the complexities', 'that', 'it', 'The mood', 'the speaker', 'the irony', 'their situation', 'shame', 'ostracism', 'poverty', 'criticism', 'Notable literary devices', 'paradox', 'irony', 'the speaker', 'the conflicting feelings', 'shame', 'poverty', 'the scrutiny', 'that', 'wealth', 'Imagery', 'the references', 'light', 'moonlight', 'night', '"" ""sun', 'the transformation', 'vividness', ""the speaker's identity"", 'achievements', 'the use', 'direct address', 'the sun', 'criticism', 'readers', 'the broader implications', 'race', 'success', 'society']",POSITIVE,poem theme identity success perception wealth status speaker journey blackness success complexity mood speaker irony situation shame ostracism poverty criticism device paradox irony speaker feeling shame poverty scrutiny wealth reference light moonlight night sun transformation vividness speaker identity achievement use address sun criticism reader implication race success society
"The poem explores the theme of love and the speaker's complex relationship with it, depicted through the contrast between the speaker's rural surroundings and a longing for connection to a broader world. The mood is reflective and somewhat melancholic, as the speaker grapples with feelings of shame and regret regarding their affections, particularly towards the natural landscape personified as ""she.""
 

 Notable literary devices include personification, as the triangular hill and hedges are given human qualities, and imagery, as seen in the descriptions of the ""briary arms"" and ""violets,"" which create vivid visual landscapes. Repetition, particularly in the line ""I do not know what age I am,"" emphasizes the speaker's disorientation and detachment from time and societal expectations. The transitions in the poem convey a deep longing for reconciliation with one’s roots and true feelings.",[],sadness,"['The poem', 'the theme', 'love', ""the speaker's complex relationship"", 'it', 'the contrast', ""the speaker's rural surroundings"", 'a longing', 'connection', 'a broader world', 'The mood', 'the speaker', 'feelings', 'shame', 'regret', 'their affections', 'the natural landscape', 'she', 'Notable literary devices', 'personification', 'the triangular hill', 'hedges', 'human qualities', 'imagery', 'the descriptions', 'the ""briary arms', '""violets', 'which', 'vivid visual landscapes', 'Repetition', 'the line', 'I', 'what age', 'I', ""the speaker's disorientation"", 'detachment', 'time', 'societal expectations', 'The transitions', 'a deep longing', 'reconciliation', 'one’s roots', 'true feelings']",POSITIVE,poem theme love speaker relationship contrast speaker surrounding longing connection world mood speaker feeling shame regret affection landscape device personification triangular hill hedge quality imagery description arm violet landscape repetition line age speaker disorientation detachment time expectation transition poem longing reconciliation root feeling